{
  "suppliers": [
    3,
    3,
    3
  ],
  "quantities": [
    3835.77578748649,
    4655.0631002455875,
    2870.3500820252884
  ],
  "allocation": [
    [
      0.06439449174437085,
      0.37621117719164826,
      0.4335434970293885,
      0.12585083403459246
    ],
    [
      0.3863336346989227,
      0.35270379017422226,
      0.15664047975528345,
      0.1043220953715717
    ],
    [
      0.40649647643891995,
      0.16539318866669664,
      0.18472052232285355,
      0.24338981257152986
    ]
  ],
  "transport": [
    [
      0,
      0,
      1,
      1
    ],
    [
      0,
      2,
      1,
      2
    ],
    [
      0,
      1,
      1,
      0
    ],
    [
      1,
      1,
      1,
      1
    ],
    [
      2,
      0,
      0,
      2
    ]
  ],
  "metrics": {
    "total_cost": 740412.2697432531,
    "avg_lead_time": 11.999999999999998,
    "avg_quality": 0.8800000000000001,
    "risk_score": 0.8624000000000003,
    "penalty": 0.16500901432079823,
    "fitness": 0.2634709856792019,
    "violations": {
      "capacity": 0.16500901432079823,
      "warehouse": 0.0,
      "quality": 0,
      "lead_time": 0,
      "demand": 0.0
    }
  }
}